"Time (sec)","Elevation (deg)","Azimuth (deg)","Aspect Angle (deg)","Range (m)","Range Rate (m/s)"
0,1.3139158,306.021638,72.751916,272407.834152,-88.380182904
0.16,1.3140924,306.014187,72.759334,272393.468928,-88.42055976
0.2,1.3141263,306.012398,72.761121,272390.116128,-88.4309382
1,1.3142869,305.975196,72.76688,272319.192216,-88.616186496
2,1.3129987,305.928797,72.771717,272230.452744,-88.839153792
3,1.3101224,305.882441,72.857124,272141.643168,-89.028199896
3.48,1.3082091,305.860108,72.922137,272099.114424,-89.101906632
3.72,1.3071333,305.848979,72.959768,272077.543728,-89.133770424
3.96,1.3059745,305.837923,72.99897,272056.198584,-89.161083552
4,1.3057751,305.836055,73.005566,272052.559272,-89.165036808
4.1999998,1.3047417,305.826791,73.038888,272034.600456,-89.183132784
4.3200002,1.3040948,305.821261,73.05945,272023.914168,-89.192401752
4.4400001,1.3034296,305.815731,73.079789,272013.22788,-89.20004004
5,1.3000833,305.789713,73.191203,271963.481472,-89.217096648
6,1.293441,305.742069,73.397053,271871.843352,-94.052416416
7,1.2865368,305.690628,73.759533,271775.639328,-99.156167448
8,1.2800776,305.635627,74.094367,271673.430744,-103.930466256
9,1.2745722,305.576962,74.332273,271567.613328,-108.48615336
10,1.2704198,305.514716,74.625063,271456.977024,-112.881844848
11,1.2680137,305.448806,74.863173,271341.460872,-117.109871952
12,1.2676865,305.379209,75.187169,271222.844904,-121.180759416
13,1.2698143,305.306087,75.59797,271099.349088,-125.019224688
14,1.2747415,305.229343,75.958869,270972.527904,-128.592809616
15,1.2828511,305.148967,76.425676,270842.570328,-131.885109864
16,1.294569,305.065262,76.97396,270709.00392,-134.78047212
17,1.3103598,304.978212,77.339543,270572.855856,-137.284961904
18,1.3304159,304.887653,77.461016,270434.619912,-139.943293392
19,1.354697,304.793661,77.675799,270292.985448,-142.722755448
20,1.3832326,304.695913,77.918846,270148.757136,-145.504649808
21,1.4160948,304.5944,78.150299,270002.072136,-148.224432024
22,1.4533037,304.488958,78.404918,269852.598216,-150.789327072
23,1.4948218,304.379726,78.658339,269700.92364,-153.171238488
24,1.5406363,304.266622,78.921893,269546.1462,-155.388637152
25,1.5908092,304.149623,79.200042,269390.055072,-157.36052856
26,1.6454581,304.028877,79.470401,269231.690136,-159.117389664
27,1.7046422,303.904291,79.69549,269071.819488,-160.717132464
28,1.7684291,303.7757,80.009777,268910.190144,-162.126981816
29,1.8368642,303.643087,80.28634,268747.820136,-163.295207064
30,1.9100487,303.50652,80.506525,268583.548176,-164.260828704
31,1.9878979,303.365519,80.393995,268418.64528,-165.540193176
32,2.0699672,303.21976,80.382102,268252.282392,-167.528278608
33,2.1559355,303.068763,80.657131,268084.06632,-169.464209712
34,2.2459556,302.91243,80.880945,267913.283832,-171.09752928
35,2.3401121,302.750586,81.127765,267741.44064,-172.534902072
36,2.4384907,302.583134,81.388393,267568.655616,-173.716252008
37,2.541215,302.409894,81.639168,267394.047888,-174.656014416
38,2.6483548,302.23077,81.910031,267219.400536,-175.352534232
39,2.7600232,302.0455,82.143894,267043.658952,-175.808569896
40,2.8762593,301.853985,82.383906,266867.832024,-176.031034272
41,2.9971546,301.655884,82.620699,266691.51132,-176.0396022
42,3.1227995,301.451176,82.918804,266515.99224,-175.6819956
43,3.2533305,301.239591,83.193969,266340.354288,-174.984152952
44,3.3888272,301.020872,83.484619,266166.130608,-173.902667688
45,3.5294052,300.794987,83.784435,265993.089552,-172.410339456
46,3.6751768,300.561663,84.084423,265821.218928,-170.508734928
47,3.8262026,300.320566,84.39686,265651.9452,-168.11871888
48,3.9825696,300.071736,84.716236,265485.338472,-165.229373376
49,4.1443495,299.814899,85.053057,265321.484088,-161.792524776
50,4.3115651,299.549801,85.421982,265162.11636,-157.735472184
51,4.4843134,299.276236,85.7739,265006.811616,-153.022855752
52,4.6626653,298.994089,86.159224,264856.194696,-147.606858456
53,4.8466799,298.703095,86.459145,264711.338496,-141.469573296
54,5.0362977,298.402905,86.631094,264573.114744,-134.822988672
55,5.2313233,298.09309,86.838795,264442.169616,-127.652263872
56,5.4316728,297.77327,87.022318,264317.841696,-119.873639856
57,5.6372138,297.442728,87.214874,264202.648632,-111.419158416
58,5.8479163,297.101229,87.487681,264095.66688,-102.193539072
59,6.0637915,296.748106,87.935691,263998.234512,-91.8929328
60,6.2850109,296.383175,88.351631,263912.189472,-80.353759536
61,6.5117165,296.006155,88.767005,263838.421776,-67.551333528
62,6.7440261,295.616678,89.195389,263777.726952,-53.406074544
63,6.9820394,295.214571,89.635553,263732.138016,-37.833281712
64,7.2259344,294.7993,90.094294,263702.343816,-20.7150333984
65,7.4758322,294.370469,90.556153,263690.926008,-1.93800630432
66,7.731918,293.927635,91.02337,263699.009304,18.6157273608
67,7.9943363,293.470243,91.500417,263729.135736,41.083665864
68,8.2632297,292.997916,91.984597,263782.039872,65.498575632
69,8.5374568,292.512254,92.480446,263860.221072,90.99131916
70,8.8138363,292.017975,92.975217,263964.093864,116.23842132
71,9.0894472,291.519789,93.503354,264092.48172,140.925042
72,9.3628892,291.020087,94.042049,264245.329776,165.249996144
73,9.6335955,290.519473,94.573442,264423.034272,189.326242632
74,9.901364,290.018394,95.094902,264624.44916,213.18882432
75,10.166046,289.517016,95.612078,264849.486048,236.843325144
76,10.427551,289.01564,96.123441,265097.541432,260.278391304
76.360001,10.520875,288.835191,96.306951,265192.876776,268.659565296
77,10.685718,288.514342,96.634152,265369.810128,283.492495752
78,10.940544,288.013203,97.152149,265664.652312,306.48450768
79,11.191925,287.512257,97.662825,265982.5008,329.25187896
80,11.439792,287.011763,98.165001,266323.35864,351.78769368
81,11.684141,286.511659,98.664367,266686.122456,374.10076056
82,11.924883,286.012162,99.160375,267071.44452,396.18568464
83,12.162022,285.513298,99.650461,267478.328136,418.04383752
83.760002,12.339771,285.134571,100.01862,267802.6902,434.50434816
84,12.395488,285.015105,100.13399,267907.20612,439.67335992
85,12.625253,284.517569,100.60001,268357.752336,461.07528816
86,12.851315,284.020981,101.05707,268829.262696,482.23837512
86.760002,13.02059,283.644184,101.40869,269202.155016,498.16365696
87,13.073614,283.52529,101.52084,269322.066384,503.16524208
88,13.292132,283.030479,101.99252,269835.846408,523.85726064
89,13.506874,282.536835,102.46759,270369.856008,544.30486008
89.760002,13.667521,282.162289,102.83174,270789.489408,559.68832944
90,13.717795,282.044216,102.94707,270924.366456,564.51471552
90.760002,13.875559,281.670637,103.31102,271358.843616,579.71128152
91,13.924912,281.552811,103.42367,271498.5426,584.4802128
91.160004,13.957665,281.474247,103.49666,271592.734944,587.65345512
91.599998,14.047323,281.258565,103.68814,271852.84212,596.36546208
91.639999,14.055453,281.238892,103.70417,271876.436688,597.22883856
91.68,14.063532,281.219287,103.72179,271900.799352,598.13208288
92,14.128244,281.062363,104.15456,272093.411616,605.69100096
92.040001,14.136331,281.042799,104.25487,272117.42376,606.64514688
93,14.328793,280.570557,104.14436,272711.381424,630.27766248
94,14.526827,280.076451,96.531924,273353.022,653.5824876
95,14.72255,279.580089,89.245903,274017.431136,674.36201424
96,14.916328,279.081201,83.748397,274701.5334,692.91528168
97,15.108517,278.580131,79.941024,275402.689224,709.72460544
98,15.299353,278.076782,77.527541,276120.045168,725.2671804
99,15.489054,277.571048,76.189589,276852.756936,739.97064096
100,15.67782,277.063088,75.617167,277600.117392,754.18059984
101,15.865833,276.55278,75.593553,278361.270048,768.19295688
101.6,15.978318,276.245433,75.775875,278824.748928,776.6073876
102,16.053175,276.040059,76.09323,279136.751352,782.23875048
103,16.239993,275.524793,77.461769,279925.710912,796.79328576
104,16.426247,275.006806,78.472144,280730.0202,811.9619016
105,16.611977,274.486042,79.388595,281550.240048,827.6609304
106,16.797313,273.962369,80.344794,282385.6176,843.9217056
107,16.9822,273.435539,81.332253,283238.08224,860.81640384
108,17.166713,272.9056,82.317048,284107.652256,878.38669128
109,17.350883,272.372324,83.309343,284994.989064,896.68130544
110,17.534684,271.835488,84.306982,285901.482552,915.76739376
111,17.718179,271.295147,85.314182,286827.221112,935.68558608
112,17.90138,270.751088,86.328473,287772.981984,956.48279112
113,18.084245,270.203196,87.331449,288740.252592,978.21167832
114,18.266782,269.651362,88.357153,289729.89552,1000.92193008
115,18.44904,269.095476,89.38253,290742.139368,1024.66600248
116,18.630919,268.535452,90.412088,291779.254896,1049.49385224
117,18.812458,267.971194,91.448721,292841.531664,1075.46083104
118,18.993595,267.402627,92.495535,293930.630832,1102.61942544
119,19.174307,266.829588,93.547073,295047.6192,1131.02529192
120,19.354579,266.2521,94.60646,296193.536136,1160.73298968
121,19.534379,265.670102,95.679276,297369.481968,1191.79540152
122,19.713619,265.083384,96.744408,298577.328168,1224.26032008
123,19.892264,264.492082,97.815296,299818.15068,1258.17303864
124,20.070217,263.896095,98.897161,301093.851456,1293.57342504
125,20.247372,263.295342,99.993287,302406.353784,1330.53344256
126,20.423777,262.689857,101.08931,303755.544888,1369.07342136
127,20.599217,262.079707,102.18457,305144.63736,1409.24639664
127.36,20.662133,261.858955,102.57531,305654.6592,1424.10844464
127.44,20.676107,261.80982,102.6651,305768.62392,1427.44015248
127.52,20.690068,261.760626,102.75797,305882.89344,1430.78405232
127.6,20.704016,261.711373,102.85488,305997.49824,1434.14029656
128,20.773641,261.46491,103.43674,306575.0028,1451.3222688
128.08,20.787589,261.415451,103.56351,306690.8268,1454.80561464
128.16,20.801478,261.366045,103.68853,306807.5652,1458.29920176
129,20.947122,260.844958,104.65672,308047.97928,1495.78414584
130,21.119449,260.22006,105.57722,309566.95008,1541.98512024
131,21.290614,259.59016,106.60083,311132.86008,1589.93893848
132,21.460499,258.95545,107.70042,312747.72096,1639.7570964
133,21.629001,258.31584,108.8014,314413.20912,1691.50104168
134,21.795988,257.67163,109.9266,316131.30576,1745.21603712
135,21.961298,257.02287,111.06342,317904.20544,1800.9196392
136,22.124838,256.36977,112.20817,319733.31024,1858.660494
137,22.286329,255.71242,113.37219,321622.27776,1918.46862432
138,22.445773,255.05098,114.53541,323571.22992,1980.36122088
139,22.602914,254.38579,115.70451,325583.42808,2044.36056456
140,22.757627,253.7169,116.87319,327660.64008,2110.4851872
141,22.909762,253.0446,118.03831,329804.90808,2178.75313296
142,23.059116,252.36919,119.21935,332019.00576,2249.18430528
143,23.205591,251.69089,120.36326,334304.39616,2321.757612
144,23.34903,251.0099,121.53087,336663.39576,2396.44891296
145,23.489305,250.32665,122.6935,339097.80288,2473.15991016
146,23.626244,249.64136,123.86617,341609.81208,2551.74271464
147,23.75965,248.95455,125.06676,344201.67888,2632.14950328
148,23.889365,248.26659,126.21372,346875.17112,2714.24930352
149,24.015339,247.57778,127.35669,349630.746,2797.8931596
150,24.137314,246.88888,128.49607,352471.39056,2882.892888
151,24.255275,246.20004,129.63134,355396.98288,2969.1595176
151.60001,24.324036,245.78706,130.31683,357194.0532,3021.4548156
152,24.369004,245.51192,130.76761,358409.80896,3056.5148928
153,24.478436,244.82498,131.88563,361510.326,3144.7630272
154,24.583462,244.13973,133.02912,364699.47888,3233.7960216
155,24.683956,243.45681,134.17032,367978.45632,3323.5644984
156,24.779896,242.77646,135.32166,371347.25832,3413.9739696
157,24.871239,242.09929,136.47457,374806.22016,3505.0250448
158,24.957824,241.42583,137.34277,378356.22576,3593.9251464
159,25.039523,240.75782,138.14676,381989.3808,3668.3768136
160,25.116141,240.09773,140.17758,385687.33632,3726.0684432
161,25.18737,239.44773,141.86465,389437.90032,3773.3700504
162,25.253315,238.80864,142.93396,393231.95928,3814.2979848
163,25.31406,238.18087,143.55581,397065.64224,3851.6948112
164,25.369938,237.56443,144.32452,400934.56008,3886.937616
165,25.421012,236.95928,145.3102,404838.46896,3920.6055192
165.60001,25.449422,236.60156,145.94911,407197.16376,3940.1005272
166,25.467514,236.36525,146.37727,408775.44864,3952.8548832
167,25.509627,235.78221,147.44074,412744.12752,3983.9530176
168,25.54755,235.21005,148.47873,416743.22544,4013.9898384
169,25.581462,234.64839,149.47409,420771.6756,4043.0229528
170,25.611485,234.0973,150.42298,424829.0208,4071.0712584
170.56,25.626689,233.79309,150.93693,427113.0396,4086.3679512
170.60001,25.627749,233.77145,150.97326,427276.26,4087.4515152
171,25.637822,233.55635,151.33548,428913.798,4098.1810848
172,25.66063,233.02553,152.24042,433025.0928,4124.3792544
173,25.680039,232.5046,153.14479,437162.26512,4149.698076
174,25.69623,231.9933,154.04884,441323.94336,4174.1695536
175,25.709289,231.49163,154.95244,445510.03608,4197.8116704
175.60001,25.715707,231.19505,155.46329,448032.65232,4211.6154528
176,25.719385,230.99918,155.78394,449719.26312,4220.6610024
177,25.72661,230.516,156.54,453951.2892,4242.7364472
178,25.731124,230.04167,157.23345,458204.89512,4264.0739712
179,25.733043,229.57616,157.88315,462479.34936,4284.6885096
180,25.7325,229.1192,158.48879,466773.73752,4304.6108472
181,25.729537,228.67074,159.06593,471088.27296,4323.8556144
182,25.724321,228.23046,159.60747,475421.37072,4342.4557296
183,25.716939,227.79831,160.14421,479772.5736,4360.4267376
184,25.707452,227.37404,160.67531,484141.85112,4377.7924128
185,25.69597,226.95751,161.18085,488528.28888,4394.5707384
186,25.682618,226.54852,161.66727,492930.69816,4410.7842696
187,25.667412,226.14702,162.14451,497349.6276,4426.4485512
188,25.650494,225.75272,162.60796,501783.58368,4441.5873576
189,25.631901,225.3655,163.03925,506232.62736,4456.215624
190,25.611727,224.98526,163.42299,510695.99664,4470.3488952
190.60001,25.598912,224.76032,163.64266,513380.33976,4478.60166
191,25.59005,224.61174,163.78765,515172.99048,4484.0078976
192,25.5669,224.24496,164.1361,519663.79176,4497.2002512
193,25.542383,223.88461,164.47228,524167.33368,4509.9482064
194,25.516529,223.53061,164.79857,528683.58576,4522.2639552
195,25.489418,223.18287,165.11378,533211.84696,4534.15908
196,25.461114,222.84114,165.42024,537751.50768,4545.6524784
197,25.431628,222.50544,165.72125,542302.96416,4556.7505512
198,25.401053,222.1755,166.0113,546865.02768,4567.4731104
199,25.369427,221.85127,166.2942,551437.66776,4577.8280808
200,25.336782,221.53261,166.57214,556020.64056,4587.8279592
201,25.303179,221.21942,166.84509,560613.39744,4597.4834136
202,25.268671,220.91149,167.11261,565215.38976,4606.8087696
203,25.233278,220.60878,167.37244,569826.67848,4615.8113424
204,25.197051,220.31119,167.62747,574446.77592,4624.5008856
205,25.160014,220.01859,167.87613,579075.52968,4632.8880672
206,25.122207,219.73087,168.11886,583712.63496,4640.9817264
207,25.083687,219.44787,168.35712,588357.39072,4648.79436
208,25.044441,219.16962,168.59079,593010.31512,4656.3296256
209,25.004554,218.89589,168.81932,597670.128,4663.5997152
210,24.964021,218.62663,169.04373,602337.378,4670.6122488
211,24.922905,218.3617,169.2639,607010.99832,4677.3757608
212,24.881176,218.10112,169.47703,611691.87288,4683.8948232
213,24.838911,217.84467,169.68448,616378.81296,4690.1807136
214,24.796095,217.5924,169.88807,621072.3672,4696.2355656
215,24.752792,217.3441,170.08799,625771.49928,4702.0712664
216,24.709019,217.09965,170.28428,630476.17872,4707.6945216
217,24.664773,216.85915,170.4769,635186.61888,4713.1062456
218,24.62008,216.62241,170.66592,639902.54544,4718.3164968
218.60001,24.593078,216.48207,170.77769,642734.25936,4721.3501712
219,24.57498,216.38929,170.85145,644623.37928,4723.3325904
220,24.52948,216.1598,171.03341,649349.1204,4728.1578792
220.60001,24.502009,216.0238,171.1409,652186.59504,4730.9641728
221,24.483601,215.93386,171.21183,654079.58592,4732.7978496
222,24.437369,215.71132,171.38673,658814.3796,4737.2607312
223,24.390766,215.49223,171.55798,663554.05008,4741.5477432
224,24.343853,215.27642,171.72566,668297.50008,4745.6668104
225,24.29661,215.06394,171.88959,673045.3392,4749.6194568
226,24.249071,214.85458,172.04882,677796.95784,4753.4148264
227,24.201267,214.6483,172.20307,682551.8988,4757.0571864
228,24.153168,214.44513,172.35426,687310.83264,4760.5471464
229,24.104823,214.24492,172.50248,692072.90592,4763.8932408
230,24.056211,214.0477,172.64764,696838.72824,4767.0954696
230.60001,24.026943,213.93071,172.73334,699699.42864,4768.9513968
231,24.007385,213.85332,172.78985,701607.20232,4770.161148
232,23.958325,213.66175,172.92906,706378.93776,4773.0930192
233,23.90905,213.47296,173.06523,711153.59928,4775.8947408
234,23.859593,213.28684,173.19837,715930.51632,4778.5708848
235,23.809918,213.10343,173.32835,720710.60328,4781.1226704
236,23.760078,212.92257,173.45522,725492.8848,4783.5558888
237,23.710061,212.74428,173.57883,730277.57424,4785.8729784
238,23.659878,212.5685,173.69912,735064.5192,4788.0763776
239,23.609531,212.39517,173.816,739853.81112,4790.1700488
240,23.559051,212.22421,173.92941,744644.77944,4792.1576496
241,23.508431,212.05562,174.03915,749437.69848,4794.0410088
242,23.457658,211.8894,174.14507,754232.96448,4795.8213456
243,23.406771,211.72541,174.24711,759029.5716,4797.504756
244,23.355762,211.56365,174.34614,763827.97704,4799.0918496
245,23.304654,211.40403,174.44268,768627.54072,4800.5865888
246,23.253419,211.24662,174.53568,773429.02464,4801.9886688
247,23.202102,211.09128,174.62512,778231.48392,4803.303576
248,23.150678,210.93799,174.71083,783035.49768,4804.5325296
249,23.099158,210.78681,174.7926,787840.76112,4805.6758344
250,23.047572,210.63751,174.87361,792646.75608,4806.7398912
251,22.995898,210.49023,174.95682,797454.0312,4807.7225664
252,22.944137,210.34487,175.03732,802262.49504,4808.6281272
253,22.892324,210.20135,175.11511,807071.3856,4809.459012
254,22.840445,210.05968,175.19012,811881.16008,4810.2161352
255,22.788499,209.91984,175.26229,816691.69656,4810.9013256
256,22.736497,209.78179,175.33158,821502.96456,4811.5167168
257,22.684439,209.6455,175.39671,826314.84216,4812.0641376
258,22.632329,209.51094,175.45835,831127.23792,4812.5448072
259,22.580184,209.37802,175.51696,835939.81656,4812.9620784
260,22.527997,209.24677,175.57245,840752.82192,4813.3156464
261,22.47575,209.11721,175.62469,845566.61976,4813.6070352
262,22.423479,208.9892,175.67365,850380.35664,4813.8395976
263,22.371187,208.86273,175.71927,855194.00208,4814.0148576
264,22.318853,208.73786,175.76135,860008.10472,4814.131596
265,22.266487,208.61452,175.79984,864822.4512,4814.1928608
266,22.214101,208.49262,175.83471,869636.67576,4814.2010904
267,22.1617,208.37221,175.8658,874450.65648,4814.15598
268,22.109266,208.25324,175.89303,879264.88104,4814.059968
269,22.056817,208.1357,175.9163,884078.92272,4813.9133592
270,22.004355,208.01957,175.93554,888892.75104,4813.7173728
271,21.951885,207.90476,175.95068,893706.18312,4813.474752
272,21.899389,207.79135,175.96162,898519.73712,4813.1845824
273,21.846898,207.67924,175.96834,903332.62056,4812.8493024
274,21.794396,207.56843,175.97076,908145.1992,4812.4698264
275,21.741884,207.45891,175.96882,912957.47304,4812.0470688
276,21.689364,207.35066,175.96249,917769.38112,4811.581944
277,21.636841,207.24366,175.95177,922580.89296,4811.0753664
278,21.584329,207.13784,175.93666,927391.42944,4810.5294696
279,21.531801,207.03327,175.91709,932201.93544,4809.9430344
280,21.479289,206.92985,175.89317,937011.4356,4809.3194136
281,21.426773,206.8276,175.86486,941820.47856,4808.6583024
282,21.374263,206.7265,175.8322,946628.69856,4807.9603104
283,21.321754,206.62652,175.79525,951436.4004,4807.2266568
284,21.26926,206.52762,175.7649,956243.0964,4806.4591704
285,21.216765,206.42986,175.73991,961049.30472,4805.656632
286,21.164289,206.33313,175.71164,965854.41576,4804.82148
287,21.111821,206.23748,175.68009,970658.64288,4803.9540192
288,21.059349,206.14291,175.64527,975462.44328,4803.0542496
289,21.006908,206.04928,175.60731,980264.75016,4802.1249144
290,20.954465,205.9567,175.57808,985066.53888,4801.1644896
291,20.902037,205.86513,175.55601,989867.32176,4800.174804
292,20.849634,205.7745,175.53143,994666.76352,4799.1570768
293,20.797232,205.68488,175.5043,999465.59568,4798.1103936
294,20.744856,205.59618,175.47472,1004263.02576,4797.036888
295,20.692492,205.50841,175.44269,1009059.48048,4795.93656
296,20.640144,205.42157,175.40824,1013854.92936,4794.8100192
297,20.587815,205.33564,175.37143,1018649.18952,4793.6578752
298,20.535498,205.25061,175.33227,1023442.32192,4792.4810424
299,20.48321,205.16641,175.29084,1028234.14368,4791.2801304
300,20.430932,205.08314,175.24713,1033024.86816,4790.0545296
301,20.378676,205.00068,175.20122,1037814.37344,4788.8069832
302,20.326445,204.91907,175.15314,1042602.47664,4787.536272
303,20.274231,204.8383,175.10293,1047389.39112,4786.2433104
304,20.222036,204.75834,175.05062,1052175.02544,4784.928708
305,20.169867,204.6792,175.03408,1056959.19672,4783.5927696
306,20.11772,204.60082,175.02735,1061741.96592,4782.2370192
307,20.065587,204.52326,175.01903,1066523.66832,4780.8605424
308,20.013485,204.44644,175.00918,1071303.75528,4779.4642536
309,19.961403,204.37038,174.9978,1076082.44016,4778.049372
310,19.909344,204.29508,174.98492,1080859.72296,4776.615288
311,19.857303,204.22052,174.97056,1085635.7256,4775.1626112
312,19.80529,204.14669,174.95475,1090410.08232,4773.692256
313,19.753297,204.07359,174.93753,1095183.15888,4772.2042224
314,19.701327,204.00121,174.9189,1099954.68096,4770.6988152
315,19.649385,203.92948,174.89893,1104724.5876,4769.1778632
316,19.597467,203.85844,174.87762,1109492.93976,4767.6401472
317,19.545575,203.7881,174.85499,1114259.70696,4766.0862768
318,19.493704,203.71842,174.83107,1119025.0416,4764.5168616
319,19.441861,203.64941,174.80589,1123788.79128,4762.9322064
320,19.390036,203.58106,174.77947,1128551.01696,4761.332616
321,19.338239,203.51336,174.75184,1133311.56624,4759.7183952
322,19.286472,203.44625,174.72305,1138070.37816,4758.091068
323,19.234722,203.37982,174.69309,1142827.69656,4756.4488056
324,19.182999,203.31397,174.662,1147583.39952,4754.7937416
325,19.131308,203.24873,174.62982,1152337.15176,4753.1252664
326,19.079636,203.1841,174.59656,1157089.50192,4751.4439896
327,19.02799,203.12006,174.56225,1161840.02328,4749.750216
328,18.976369,203.05662,174.52691,1166588.95968,4748.0436408
329,18.924767,202.99375,174.49058,1171336.40256,4746.3254832
330,18.873205,202.93143,174.45329,1176081.55944,4744.596048
331,18.821655,202.86971,174.41504,1180825.46664,4742.8547256
332,18.770136,202.8085,174.37589,1185567.39264,4741.1024304
333,18.718642,202.74785,174.33584,1190307.64224,4739.3394672
334,18.667171,202.68775,174.29492,1195046.09352,4737.565836
335,18.615731,202.62819,174.25316,1199782.62456,4735.7818416
336,18.56431,202.56916,174.21059,1204517.54016,4733.987484
337,18.512915,202.51065,174.16722,1209250.68792,4732.1833728
338,18.46154,202.45265,174.12309,1213982.22024,4730.369508
339,18.410201,202.39514,174.07824,1218711.46656,4728.5471088
340,18.358882,202.33813,174.03267,1223439.06696,4726.7152608
341,18.307583,202.28165,173.9864,1228165.05192,4724.873964
342,18.256315,202.22563,173.93948,1232888.90328,4723.0241328
343,18.205069,202.1701,173.89192,1237611.07824,4721.1663768
344,18.153848,202.11505,173.84376,1242331.33296,4719.3000864
345,18.10266,202.06043,173.79501,1247049.4236,4717.4258712
346,18.051486,202.00632,173.7457,1251766.02072,4715.5434264
347,18.000337,201.95268,173.69584,1256480.63664,4713.6533616
348,17.949216,201.89945,173.64548,1261193.27136,4711.7562864
349,17.898118,201.84668,173.59464,1265904.10776,4709.851896
350,17.847039,201.79439,173.54332,1270613.17632,4707.9398856
351,17.795993,201.7425,173.49157,1275320.01984,4706.0214744
352,17.744963,201.69105,173.43941,1280025.18696,4704.0963576
353,17.693959,201.64003,173.38686,1284728.3424,4702.16484
354,17.642984,201.5894,173.34785,1289429.4252,4700.2272264
354.04001,17.640945,201.58741,173.34663,1289617.42584,4700.1491976
355,17.592028,201.53923,173.317,1294128.64872,4698.2826024
355.04001,17.589996,201.53721,173.31575,1294316.40552,4698.2048784
356,17.541094,201.48947,173.87446,1298826.01296,4696.3367592
357,17.490182,201.44008,175.62889,1303521.396,4694.383296
358,17.439297,201.3911,177.66503,1308214.67592,4692.421908
359,17.388427,201.34256,179.54264,1312906.30992,4690.4547288
360,17.337585,201.29438,178.15325,1317595.71888,4688.4820632
361,17.286765,201.24659,176.12005,1322283.2076,4686.504216
362,17.235968,201.19918,174.07226,1326968.77608,4684.521492
363,17.185192,201.15216,172.00366,1331652.33288,4682.5335864
364,17.134444,201.10548,169.92996,1336333.69512,4680.5411088
365,17.083712,201.05922,167.85458,1341013.28952,4678.5440592
366,17.033009,201.01328,165.77806,1345690.65888,4676.5424376
367,16.982317,200.96775,163.67878,1350366.4128,4674.536244
368,16.931653,200.92254,161.57761,1355039.94168,4672.526088
369,16.881012,200.87769,159.46849,1359711.4284,4670.5122744
370,16.830391,200.83319,157.34271,1364380.84248,4668.4941936
371,16.779794,200.78905,155.21288,1369048.24488,4666.4718456
372,16.729214,200.74524,153.05704,1373713.75752,4664.4461448
373,16.678656,200.70178,150.89638,1378377.16704,4662.4167864
374,16.628117,200.65866,148.70976,1383038.71728,4660.3837704
375,16.577605,200.61583,146.49404,1387697.92056,4658.3480112
376,16.527106,200.57337,144.24888,1392355.47792,4656.3085944
377,16.476633,200.5312,141.96987,1397010.62736,4654.2658248
378,16.426178,200.48936,139.64541,1401663.88704,4652.220312
379,16.37574,200.44787,137.24291,1406315.22648,4650.1702272
380,16.325327,200.40666,135.02384,1410964.40184,4648.1326392
381,16.274935,200.36576,133.66653,1415611.41312,4646.0996232
382,16.224562,200.32518,132.87853,1420256.4432,4644.0489288
383,16.174212,200.28486,132.26087,1424899.3092,4641.9945768
384,16.123874,200.24488,131.77518,1429540.37688,4639.936872
385,16.073556,200.2052,131.4037,1434179.49384,4637.8758144
386,16.023263,200.16578,131.10908,1438816.14192,4635.812928
387,15.972989,200.12665,130.87595,1443450.8088,4633.747908
388,15.922728,200.08785,130.70652,1448083.67736,4631.6786208
389,15.872484,200.0493,130.56753,1452714.4428,4629.608724
390,15.822264,200.01104,130.4547,1457343.01368,4627.5373032
391,15.77206,199.97305,130.39701,1461969.51192,4625.4637488
392,15.721879,199.93535,130.3571,1466593.78512,4623.387756
393,15.671707,199.89791,130.31721,1471216.35144,4621.310544
394,15.621561,199.86072,130.28975,1475836.44888,4619.231808
395,15.57143,199.82383,130.2658,1480454.68704,4617.151548
396,15.52132,199.78717,130.25829,1485070.6392,4615.0709832
397,15.471218,199.75081,130.27464,1489684.88448,4612.98798
398,15.42114,199.71468,130.29155,1494296.7828,4610.9040624
399,15.371078,199.6788,130.30854,1498906.60848,4608.8192304
400,15.321035,199.64319,130.33827,1503514.30056,4606.7337888
401,15.271004,199.60782,130.38656,1508120.04192,4604.6474328
402,15.220996,199.57271,130.43495,1512723.49728,4602.559248
403,15.170996,199.53784,130.48346,1517325.1848,4600.4710632
404,15.121018,199.50322,130.53207,1521924.52536,4598.3816592
404.04001,15.119019,199.50183,130.53401,1522108.38072,4598.298144
405,15.071049,199.46883,130.58079,1526522.0676,4596.2919504
405.04001,15.069056,199.46746,130.58274,1526705.74008,4596.2084352
406,15.021107,199.43467,130.6296,1531117.08,4594.2019368
407,14.971173,199.40076,130.67853,1535710.32456,4592.1110088
408,14.921258,199.36707,130.72756,1540301.37456,4590.019776
409,14.87136,199.3336,130.77669,1544890.23,4587.9282384
410,14.821471,199.3004,130.82592,1549477.3176,4585.836396
411,14.771599,199.2674,130.87526,1554062.18016,4583.7442488
412,14.721744,199.23462,130.92469,1558644.84816,4581.6521016
412.04001,14.719752,199.23331,130.92667,1558828.00248,4581.5682816
412.95999,14.673896,199.20337,130.97225,1563042.35016,4579.6434696
413,14.671903,199.20206,130.97422,1563225.474,4579.5599544
413.04001,14.669911,199.20076,130.97621,1563408.62832,4579.4761344
414,14.622079,199.16973,131.02386,1567803.93576,4577.4671976
415,14.572273,199.13759,131.07359,1572380.11152,4575.3750504
415.04001,14.570276,199.13634,131.07559,1572563.38776,4575.2912304
416,14.522472,199.10569,131.12343,1576954.67184,4573.2829032
417,14.472692,199.07402,131.17337,1581526.82424,4571.1904512
418,14.422926,199.04252,131.2234,1586096.904,4569.0986088
418.04001,14.420935,199.04126,131.2254,1586279.6316,4569.0150936
419,14.373167,199.01127,131.27354,1590665.15496,4567.0067664
420,14.323428,198.98019,131.32377,1595231.11992,4564.9152288
421,14.273703,198.94932,131.3741,1599794.79888,4562.8243008
422,14.22399,198.91866,131.42452,1604356.64904,4560.7333728
423,14.174288,198.88823,131.47506,1608916.42656,4558.6427496
424,14.124601,198.85797,131.52568,1613474.10096,4556.5530408
424.07999,14.12063,198.85556,131.52979,1613838.45888,4556.4387408
424.12,14.118642,198.85435,131.52963,1614020.72928,4556.5914456
424.16,14.116654,198.85314,131.5144,1614202.99968,4556.9303832
425,14.074737,198.828,133.21863,1618034.79288,4566.6998328
426,14.024389,198.79847,135.61027,1622608.134,4580.584692
427,13.973531,198.76942,136.25995,1627196.4408,4595.9584992
428,13.922153,198.7408,136.76993,1631800.50576,4612.33266
429,13.87024,198.71266,137.24062,1636421.30424,4629.3081912
429.07999,13.866067,198.71042,137.27502,1636791.60576,4630.6919832
430,13.817793,198.68497,137.73668,1641059.26296,4646.8250472
431,13.764806,198.65771,138.07547,1645714.99152,4664.74302
432,13.711275,198.63091,138.23868,1650389.09952,4683.1693992
433,13.657203,198.6045,138.31961,1655081.526,4702.2117792
434,13.602564,198.57856,138.40297,1659793.61208,4721.9061264
435,13.547355,198.55301,138.51544,1664525.72352,4742.2996848
436,13.49156,198.52792,138.63845,1669278.59184,4763.4439656
437,13.435166,198.50324,138.76373,1674052.8876,4785.349332
438,13.378161,198.47898,138.87374,1678849.40328,4808.0380344
439,13.320531,198.45513,139.01062,1683669.08376,4831.4713632
440,13.262261,198.43173,139.24781,1688512.66056,4855.5581832
441,13.203357,198.40872,139.55637,1693380.31656,4880.1579816
442,13.143807,198.38612,139.79372,1698273.11856,4905.1122624
443,13.083626,198.36389,139.92533,1703190.67032,4930.4152344
444,13.022806,198.34206,140.029,1708134.00816,4956.060192
445,12.961352,198.32061,140.06439,1713102.88824,4982.1013896
446,12.899254,198.29953,140.09049,1718098.3164,5008.6293528
447,12.83651,198.2788,140.13513,1723120.44504,5035.7093088
448,12.77311,198.25846,140.20067,1728170.06664,5063.3967312
449,12.709054,198.23843,140.28527,1733247.30312,5091.6873528
450,12.644323,198.21876,140.3487,1738353.52608,5120.6875488
451,12.578911,198.19945,140.42084,1743489.0708,5150.3784216
452,12.512815,198.18046,140.49867,1748654.57736,5180.8145304
453,12.44602,198.1618,140.5846,1753850.92968,5211.987036
454,12.378519,198.14346,140.6519,1759078.73736,5243.919408
455,12.310302,198.12542,140.72594,1764338.94528,5276.6162184
456,12.241359,198.10771,140.82946,1769632.34592,5310.0774672
457,12.171683,198.09027,140.90796,1774959.42696,5344.2934008
458,12.101271,198.07314,140.97162,1780321.1028,5379.2371968
459,12.03011,198.05627,141.03285,1785718.07448,5414.9094648
460,11.958192,198.0397,141.11909,1791151.34784,5451.3455616
461,11.88552,198.02337,141.22199,1796621.07528,5488.5604224
462,11.812079,198.00729,141.27952,1802128.476,5526.5750784
463,11.737862,197.99146,141.3148,1807674.312,5565.4017216
464,11.662856,197.97589,141.3333,1813259.80248,5605.0354752
465,11.587065,197.96049,141.36705,1818884.82552,5645.4909696
466,11.510473,197.94534,141.37675,1824550.84416,5686.780092
467,11.43307,197.9304,141.38909,1830258.80328,5728.9412472
468,11.354851,197.91563,141.4021,1836009.00768,5772.0140592
469,11.275801,197.90105,141.4252,1841803.10328,5816.0195592
470,11.195917,197.88666,141.48852,1847641.45584,5860.9979808
470.64001,11.144346,197.87752,141.52819,1851401.8344,5890.3459536
471,11.115183,197.87241,141.58098,1853525.376,5907.037716
472,11.033593,197.85832,141.71994,1859455.93056,5954.1918
473,10.95114,197.84436,141.79273,1865434.12536,6002.4623664
474,10.867813,197.83051,141.82399,1871461.11864,6051.8643504
475,10.783596,197.81678,141.81185,1877538.34296,6102.4635888
476,10.698486,197.80313,141.83238,1883666.49936,6154.2664824
477,10.612462,197.78958,141.80498,1889847.20328,6207.3437448
478,10.525511,197.77607,141.81383,1896081.58248,6261.7066536
479,10.437616,197.76265,141.82604,1902371.19144,6317.2704744
480,10.348777,197.74925,141.82381,1908716.63976,6374.155908
481,10.258974,197.73586,141.80313,1915119.63432,6432.4150752
482,10.168197,197.7225,142.15731,1921581.48576,6490.4102856
483,10.076582,197.70914,143.15845,1928097.92688,6541.2085584
484,9.9843221,197.69576,142.53417,1934662.58736,6587.6890344
485,9.8914783,197.68234,141.95693,1941272.66304,6632.0353008
486,9.7980834,197.66892,141.76155,1947926.29464,6675.1196952
487,9.7041652,197.65549,141.73754,1954622.44584,6717.0312192
488,9.6097642,197.64207,141.73531,1961359.89744,6757.4547096
489,9.5149372,197.62863,141.71343,1968136.54632,6795.633348
490,9.4197566,197.61519,141.38921,1974949.7712,6829.9407216
491,9.3243429,197.60175,141.16444,1981794.32952,6856.9993416
492,9.228961,197.58834,140.46912,1988658.48648,6868.81278
492.95999,9.1377132,197.57556,139.44107,1995254.11464,6871.6599168
493,9.1339211,197.57503,139.41683,1995528.83088,6871.7483088
494,9.0393036,197.56183,139.30882,2002401.76608,6873.922752
495,8.9451146,197.54875,139.89639,2009276.68248,6876.04416
496,8.8513471,197.53577,140.68348,2016153.79344,6878.1256392
497,8.757997,197.52289,141.27716,2023033.038,6880.169628
497.95999,8.6687732,197.51062,141.49712,2029638.87696,6882.0947448
498,8.6650629,197.51011,141.49835,2029914.2028,6882.1742976
499,8.5725408,197.49743,142.16184,2036797.22688,6884.0692392
500,8.4804219,197.48485,143.97092,2043682.3236,6885.9431496
501,8.3887058,197.47238,146.51583,2050569.18816,6887.8310808
502,8.2973918,197.45999,148.99785,2057457.94248,6889.7135256
503,8.2064758,197.44772,150.90734,2064348.46464,6891.5789016
504,8.1159532,197.43553,152.21603,2071241.02896,6893.4022152
505,8.0258209,197.42344,153.06961,2078135.36112,6895.1862096
506,7.9360762,197.41147,153.67164,2085031.43064,6896.929056
507,7.8467135,197.39955,154.11026,2091929.20704,6898.6380696
508,7.7577309,197.38776,154.43045,2098828.69032,6900.310812
509,7.6691214,197.37604,154.66942,2105730.03288,6901.955208
510,7.5808891,197.36442,154.8482,2112632.59464,6903.5697336
511,7.4930217,197.35288,154.98114,2119536.95472,6905.1577416
512,7.4055203,197.34142,155.0806,2126442.96072,6906.7180128
513,7.3183795,197.33007,155.15642,2133350.49072,6908.2514616
514,7.2315994,197.31878,155.22422,2140259.36184,6909.7586976
515,7.145175,197.3076,155.27696,2147169.75696,6911.2427688
516,7.059096,197.29651,155.32223,2154082.04184,6912.7012368
517,6.9733694,197.28548,155.37065,2160995.39352,6914.1371496
518,6.8879911,197.27454,155.40183,2167910.02536,6915.549288
519,6.802951,197.26369,155.43524,2174826.27264,6916.9373472
520,6.7182505,197.25292,155.47076,2181743.922,6918.3025464
521,6.6338844,197.24222,155.50826,2188662.97344,6919.6458
522,6.5498506,197.23162,155.54927,2195583.366,6920.9649744
523,6.4661486,197.22107,155.57173,2202504.94728,6922.2637272
524,6.3827719,197.21062,155.59542,2209427.80872,6923.5399248
525,6.2997193,197.20024,155.62068,2216351.9808,6924.7950912
526,6.2169886,197.18993,155.64746,2223277.25016,6926.029836
527,6.1345704,197.17971,155.67569,2230204.16544,6927.2438544
528,6.0524715,197.16957,155.70531,2237131.93416,6928.4374512
529,5.9706842,197.15949,155.73626,2244060.92208,6929.611236
530,5.8892058,197.14948,155.76849,2250991.1292,6930.7655136
531,5.8080358,197.13953,155.80574,2257922.31168,6931.8990648
532,5.7271658,197.12968,155.83958,2264854.86576,6933.0149376
533,5.6465972,197.11988,155.85594,2271788.57808,6934.1106936
534,5.5663304,197.11016,155.87334,2278722.99144,6935.1872472
535,5.4863541,197.10052,155.89174,2285658.9288,6936.2461224
536,5.4066751,197.09092,155.91114,2292595.5672,6937.2864048
537,5.3272861,197.0814,155.93152,2299533.2724,6938.3090088
538,5.2481813,197.07197,155.95286,2306472.22728,6939.3142392
539,5.1693658,197.06258,155.97514,2313411.94416,6940.3017912
540,5.0908306,197.05326,155.99834,2320352.75832,6941.2716648
541,5.0125773,197.04401,156.02244,2327294.51736,6942.2247744
542,4.9345995,197.03484,156.04741,2334237.3432,6943.1605104
543,4.8569002,197.0257,156.07324,2341180.80912,6944.0797872
544,4.7794723,197.01665,156.10829,2348125.37232,6944.9816904
545,4.7023128,197.00767,156.14641,2355070.94136,6945.867744
546,4.6254253,196.99872,156.18533,2362017.15048,6946.7370336
547,4.5488035,196.98985,156.22416,2368964.274,6947.5910832
548,4.4724442,196.98104,156.23418,2375912.25096,6948.4289784
549,4.3963447,196.9723,156.24492,2382861.23376,6949.2501096
550,4.3205083,196.96359,156.25636,2389810.7652,6950.0563056
551,4.2449276,196.95496,156.26847,2396761.15008,6950.8463472
552,4.1695991,196.9464,156.28125,2403712.5408,6951.6211488
552.88,4.1035206,196.9389,156.29303,2409830.21208,6952.2901848
552.96002,4.0975252,196.93821,156.29412,2410386.2892,6952.3505352
553,4.094525,196.93789,156.2947,2410664.5716,6952.3810152
554,4.019701,196.92943,156.33071,2417617.3644,6953.1396624
554.96002,3.9481047,196.92136,156.40385,2424292.60632,6953.8538088
555,3.9451264,196.92102,156.40771,2424570.73632,6953.8833744
555.20001,3.9302396,196.91936,156.42799,2425961.66064,6954.0305928
555.91998,3.8767337,196.91336,156.51439,2430968.79312,6954.554544
555.96002,3.8737648,196.91302,156.51981,2431246.9536,6954.5835
556,3.8707963,196.91269,156.52529,2431525.11408,6954.612456
557,3.7967121,196.9044,157.64607,2438480.01,6955.3320888
558,3.7228689,196.89616,158.11088,2445435.66792,6956.0325192
559,3.6492662,196.88798,157.73415,2452392.02688,6956.7183192
560,3.5759004,196.87986,156.55277,2459349.11736,6957.3900984
561,3.5027704,196.8718,154.67602,2466306.8784,6958.0472472
562,3.4298741,196.86379,152.24201,2473265.34048,6958.6903752
563,3.3572126,196.85582,149.38123,2480224.25976,6959.3188728
564,3.2847813,196.8479,146.20025,2487183.72768,6959.9330448
565,3.2125758,196.84004,142.77985,2494144.04904,6960.5328912
566,3.1405965,196.83224,139.1793,2501104.98,6961.1178024
567,3.0688447,196.82447,135.44173,2508066.21576,6961.6896072
568,2.9973121,196.81679,131.59875,2515028.36592,6962.246172
569,2.9260032,196.80912,127.67375,2521990.82088,6962.788716
570,2.8549132,196.80152,123.68444,2528953.82448,6963.3172392
571,2.7840402,196.79396,119.63969,2535917.4072,6963.8293032
572,2.7133825,196.78645,115.39641,2542881.50808,6964.3291752
573,2.6429393,196.77899,111.13983,2549846.06616,6964.8150264
574,2.5727062,196.77159,106.77642,2556811.23384,6965.2856376
575,2.5026859,196.76423,102.26466,2563776.70632,6965.7416184
576,2.4328743,196.75691,97.559952,2570742.57504,6966.184188
577,2.3632691,196.74964,95.30513,2577709.05336,6966.6453504
578,2.2938693,196.74241,93.771594,2584675.86696,6967.0693272
579,2.2246719,196.73524,92.813166,2591643.25968,6967.4777592
580,2.1556791,196.72811,92.02476,2598610.89624,6967.8736944
581,2.0868868,196.72101,91.854634,2605578.86808,6968.2623144
582,2.018292,196.71397,91.792138,2612547.35808,6968.633256
583,1.9498971,196.70697,91.74089,2619516.09192,6968.9926152
584,1.8816959,196.70002,91.700816,2626485.31344,6969.3410016
585,1.8136907,196.6931,91.671836,2633454.68736,6969.6778056
586,1.7458759,196.68624,91.653858,2640424.67088,6970.0039416
587,1.678254,196.67941,91.641781,2647394.83728,6970.3191048
588,1.6108216,196.67264,91.639402,2654365.33896,6970.6232952
589,1.5435773,196.66589,91.64709,2661336.054,6970.9165128
590,1.4765213,196.65918,91.664166,2668307.04336,6971.199672
591,1.4096493,196.65253,91.689975,2675278.45944,6971.4715536
592,1.3429602,196.64592,91.723869,2682250.14984,6971.7333768
593,1.2764553,196.63934,91.765197,2689221.96216,6971.9848368
594,1.2101318,196.6328,91.813323,2696194.07928,6972.2256288
595,1.1439871,196.6263,91.867641,2703166.44024,6972.4563624
596,1.0780223,196.61984,91.929456,2710138.89264,6972.6770376
597,1.0122322,196.61342,92.00357,2717111.80224,6972.8876544
598,0.94661934,196.60704,92.083887,2724084.74232,6973.087908
599,0.8811805,196.6007,92.170356,2731057.95672,6973.278408
600,0.81591524,196.59439,92.262892,2738031.26256,6973.4594592
601,0.75082041,196.58813,92.361438,2745004.90368,6973.6307568
602,0.6858975,196.58189,92.465914,2751978.5448,6973.7923008
603,0.62114244,196.57571,92.576258,2758952.49072,6973.9440912
604,0.5565558,196.56954,92.692368,2765926.55856,6974.0864328
605,0.49213654,196.56341,92.814168,2772900.53496,6974.2193256
606,0.42788119,196.55734,92.941593,2779874.93808,6974.3430744
607,0.36379068,196.55128,93.074509,2786849.24976,6974.4570696
608,0.29986345,196.54526,93.212844,2793823.7748,6974.5622256
609,0.23609758,196.53929,93.356497,2800798.39128,6974.6579328
610,0.17249203,196.53334,93.505357,2807773.03824,6974.7448008
611,0.10904524,196.52744,93.659323,2814747.95952,6974.8225248
612,0.045757333,196.52156,93.818269,2821722.7284,6974.8917144
612.96002,-0.014851641,196.51595,93.975438,2828418.66624,6974.9490168
